"Date","Price","Open","High","Low","Vol.","Change %"
"02/25/2019","50.41","50.91","50.96","50.30","2.85M","-0.83%"
"02/22/2019","50.83","50.60","50.83","50.38","5.47M","0.79%"
"02/21/2019","50.43","50.34","50.51","50.01","7.22M","0.10%"
"02/20/2019","50.38","50.19","50.38","50.09","4.31M","0.42%"
"02/19/2019","50.17","49.90","50.23","49.82","2.66M","0.30%"
"02/15/2019","50.02","49.90","50.03","49.68","4.68M","0.79%"
"02/14/2019","49.63","49.21","49.70","49.15","4.10M","0.75%"
"02/13/2019","49.26","49.31","49.47","49.24","4.77M","0.04%"
"02/12/2019","49.24","49.27","49.30","49.16","2.54M","0.04%"
"02/11/2019","49.22","49.39","49.41","49.10","4.28M","-0.22%"
"02/08/2019","49.33","48.98","49.34","48.98","3.85M","0.33%"
"02/07/2019","49.17","49.03","49.18","48.92","3.39M","0.10%"
"02/06/2019","49.12","49.03","49.29","48.98","3.78M","0.18%"
"02/05/2019","49.03","49.06","49.15","48.98","3.29M","-0.12%"
"02/04/2019","49.09","48.96","49.11","48.96","2.72M","-0.02%"
"02/01/2019","49.10","49.11","49.15","48.93","4.00M","0.08%"
"01/31/2019","49.06","48.80","49.12","48.74","6.45M","0.64%"
"01/30/2019","48.75","48.82","48.98","48.49","4.52M","-0.10%"
"01/29/2019","48.80","49.00","49.07","48.66","3.20M","-0.25%"
"01/28/2019","48.92","48.93","48.98","48.71","2.43M","-0.10%"
"01/25/2019","48.97","48.82","48.97","48.63","2.45M","0.64%"
"01/24/2019","48.66","48.44","48.68","48.33","6.11M","0.43%"
"01/23/2019","48.45","48.40","48.63","48.24","4.32M","0.10%"
"01/22/2019","48.40","48.19","48.49","48.00","4.08M","0.10%"
"01/18/2019","48.35","48.40","48.40","48.01","4.63M","0.60%"
"01/17/2019","48.06","47.93","48.27","47.81","5.33M","0.02%"
"01/16/2019","48.05","48.23","48.36","48.03","2.60M","-0.60%"
"01/15/2019","48.34","48.40","48.48","48.10","3.14M","0.00%"
"01/14/2019","48.34","48.16","48.50","48.16","2.65M","-0.12%"
"01/11/2019","48.40","48.24","48.57","48.24","3.51M","-0.14%"
"01/10/2019","48.47","48.23","48.62","48.16","2.90M","0.00%"
"01/09/2019","48.47","48.20","48.57","48.15","3.36M","0.23%"
"01/08/2019","48.36","48.09","48.45","48.07","2.96M","0.88%"
"01/07/2019","47.94","47.52","48.04","47.51","3.55M","0.33%"
"01/04/2019","47.78","47.51","48.03","47.31","4.68M","1.27%"
"01/03/2019","47.18","47.31","47.57","46.85","6.73M","-0.61%"
"01/02/2019","47.47","47.33","47.76","47.23","4.57M","-0.65%"
"12/31/2018","47.78","47.86","47.98","47.30","3.81M","0.34%"
"12/28/2018","47.62","47.96","48.20","47.41","3.91M","-0.27%"
"12/27/2018","47.75","47.13","47.83","46.70","5.53M","0.46%"
"12/26/2018","47.53","46.32","47.55","46.15","5.59M","3.33%"
"12/24/2018","46.00","46.60","46.82","46.00","3.66M","-1.29%"
"12/21/2018","46.60","47.78","48.12","46.50","10.89M","-2.37%"
"12/20/2018","47.73","48.01","48.34","47.40","8.12M","-0.95%"
"12/19/2018","48.19","48.64","49.07","47.98","6.61M","-0.64%"
"12/18/2018","48.50","48.95","48.95","48.27","4.78M","-0.55%"
"12/17/2018","48.77","48.96","49.09","48.53","5.17M","-0.06%"
"12/14/2018","48.80","48.71","49.09","48.71","6.82M","-0.25%"
"12/13/2018","48.92","48.96","49.14","48.86","7.10M","0.00%"
"12/12/2018","48.92","49.37","49.37","48.81","5.08M","-0.18%"
"12/11/2018","49.01","49.36","49.37","48.94","4.40M","-0.02%"
"12/10/2018","49.02","49.06","49.13","48.68","5.61M","0.06%"
"12/07/2018","48.99","49.09","49.26","48.89","6.95M","-0.49%"
"12/06/2018","49.23","48.68","49.24","48.68","6.98M","0.63%"
"12/04/2018","48.92","49.33","49.41","48.77","5.24M","-0.95%"
"12/03/2018","49.39","49.19","49.39","48.83","5.59M","0.73%"
"11/30/2018","49.03","49.39","49.40","48.92","7.93M","-0.55%"
"11/29/2018","49.30","49.16","49.47","49.09","5.04M","0.10%"
"11/28/2018","49.25","48.69","49.34","48.69","5.27M","0.74%"
"11/27/2018","48.89","48.49","48.96","48.49","5.16M","0.70%"
"11/26/2018","48.55","48.94","48.94","48.38","4.41M","-0.23%"
"11/23/2018","48.66","48.30","48.75","48.28","2.46M","0.25%"
"11/21/2018","48.54","48.41","48.90","48.22","5.96M","0.48%"
"11/20/2018","48.31","48.51","48.74","48.01","8.32M","-0.47%"
"11/19/2018","48.54","47.71","49.46","47.43","12.41M","1.70%"
"11/16/2018","47.73","47.75","47.95","47.38","3.85M","-0.13%"
"11/15/2018","47.79","47.15","47.91","47.01","4.87M","0.76%"
"11/14/2018","47.43","47.41","47.81","47.32","4.71M","0.32%"
"11/13/2018","47.28","47.65","47.85","47.22","3.24M","-0.65%"
"11/12/2018","47.59","47.75","47.95","47.48","2.98M","-0.25%"
"11/09/2018","47.71","47.63","48.16","47.49","5.18M","0.51%"
"11/08/2018","47.47","47.18","47.59","47.08","3.30M","0.66%"
"11/07/2018","47.16","47.00","47.26","46.55","2.50M","0.81%"
"11/06/2018","46.78","46.17","46.82","46.17","2.83M","0.80%"
"11/05/2018","46.41","46.44","46.51","46.13","3.19M","0.72%"
"11/02/2018","46.08","46.55","46.71","45.96","7.15M","-0.26%"
"11/01/2018","46.20","45.14","46.54","45.03","7.26M","2.26%"
"10/31/2018","45.18","45.49","45.57","44.98","4.15M","-0.24%"
"10/30/2018","45.29","45.37","45.41","44.74","4.22M","0.18%"
"10/29/2018","45.21","45.26","45.57","44.58","5.61M","0.92%"
"10/26/2018","44.80","44.24","45.03","44.13","8.45M","0.02%"
"10/25/2018","44.79","44.71","45.04","44.58","4.96M","1.13%"
"10/24/2018","44.29","45.30","45.51","44.23","5.94M","-2.38%"
"10/23/2018","45.37","45.32","45.59","44.98","4.25M","-0.15%"
"10/22/2018","45.44","45.52","45.78","45.30","3.76M","-0.20%"
"10/19/2018","45.53","45.54","45.77","45.15","3.93M","0.22%"
"10/18/2018","45.43","45.49","45.62","45.16","3.87M","-0.07%"
"10/17/2018","45.46","45.46","45.67","45.06","2.77M","-0.22%"
"10/16/2018","45.56","45.31","45.61","45.18","2.56M","0.95%"
"10/15/2018","45.13","44.99","45.48","44.88","2.70M","0.42%"
"10/12/2018","44.94","45.05","45.08","44.63","3.89M","0.33%"
"10/11/2018","44.79","44.42","45.00","44.14","5.86M","0.88%"
"10/10/2018","44.40","45.06","45.32","44.36","3.48M","-1.90%"
"10/09/2018","45.26","45.62","45.66","45.13","4.23M","-0.46%"
"10/08/2018","45.47","45.65","45.95","45.13","2.76M","-0.79%"
"10/05/2018","45.83","46.39","46.47","45.59","4.15M","-0.95%"
"10/04/2018","46.27","46.41","46.55","46.05","3.73M","-0.52%"
"10/03/2018","46.51","46.22","46.55","46.14","3.14M","0.71%"
"10/02/2018","46.18","45.73","46.30","45.73","3.23M","0.74%"
"10/01/2018","45.84","45.82","45.95","45.48","3.67M","0.04%"
"09/28/2018","45.82","45.50","46.00","45.21","3.76M","0.73%"
"09/27/2018","45.49","45.36","45.77","45.14","4.51M","0.51%"
"09/26/2018","45.26","44.90","45.66","44.66","5.81M","1.00%"
"09/25/2018","44.81","44.61","45.01","44.59","6.21M","0.36%"
"09/24/2018","44.65","44.04","44.68","44.04","3.76M","1.73%"
"09/21/2018","43.89","44.37","44.37","43.81","14.40M","-0.70%"
"09/20/2018","44.20","44.36","44.46","44.17","4.19M","-0.14%"
"09/19/2018","44.26","44.12","44.38","44.11","3.04M","0.23%"
"09/18/2018","44.16","44.33","44.50","44.14","3.51M","-0.41%"
"09/17/2018","44.34","44.44","44.53","44.22","2.87M","-0.18%"
"09/14/2018","44.42","44.48","44.54","44.32","3.00M","0.09%"
"09/13/2018","44.38","44.41","44.44","44.23","3.13M","0.38%"
"09/12/2018","44.21","44.28","44.43","44.12","2.52M","-0.23%"
"09/11/2018","44.31","44.19","44.44","44.10","3.15M","-0.31%"
"09/10/2018","44.45","44.82","44.92","44.38","3.93M","-0.65%"
"09/07/2018","44.74","44.80","44.93","44.70","2.35M","-0.31%"
"09/06/2018","44.88","44.71","44.99","44.59","3.89M","0.36%"
"09/05/2018","44.72","44.73","44.96","44.64","4.82M","-0.33%"
"09/04/2018","44.87","44.80","44.94","44.67","3.91M","-0.07%"
"08/31/2018","44.90","44.61","44.94","44.58","2.95M","0.38%"
"08/30/2018","44.73","44.88","45.03","44.55","5.61M","-0.62%"
"08/29/2018","45.01","44.64","45.08","44.55","3.76M","0.92%"
"08/28/2018","44.60","44.66","44.79","44.54","7.51M","-0.02%"
"08/27/2018","44.61","44.65","44.77","44.55","2.94M","0.07%"
"08/24/2018","44.58","44.71","44.77","44.52","4.31M","-0.18%"
"08/23/2018","44.66","44.72","44.97","44.59","3.00M","-0.20%"
"08/22/2018","44.75","44.75","44.95","44.68","4.23M","-0.20%"
"08/21/2018","44.84","44.78","45.05","44.74","4.38M","0.11%"
"08/20/2018","44.79","44.83","44.97","44.72","2.69M","-0.09%"
"08/17/2018","44.83","45.12","45.12","44.69","4.07M","-0.64%"
"08/16/2018","45.12","44.90","45.23","44.78","4.49M","0.71%"
"08/15/2018","44.80","44.68","44.94","44.57","4.27M","-0.38%"
"08/14/2018","44.97","44.86","45.23","44.77","3.64M","0.58%"
"08/13/2018","44.71","45.02","45.05","44.57","3.40M","-0.47%"
"08/10/2018","44.92","44.90","45.07","44.69","2.79M","-0.31%"
"08/09/2018","45.06","44.93","45.25","44.58","2.97M","0.22%"
"08/08/2018","44.96","44.85","45.11","44.61","4.05M","-0.22%"
"08/07/2018","45.06","45.27","45.51","45.04","3.24M","-0.46%"
"08/06/2018","45.27","44.85","45.58","44.71","2.69M","0.78%"
"08/03/2018","44.92","44.63","45.10","44.51","4.92M","0.58%"
"08/02/2018","44.66","44.40","44.76","44.38","3.09M","0.29%"
"08/01/2018","44.53","44.23","44.71","44.19","3.80M","0.25%"
"07/31/2018","44.42","44.62","44.82","44.34","6.01M","-0.25%"
"07/30/2018","44.53","44.64","44.97","44.48","7.50M","-0.40%"
"07/27/2018","44.71","45.01","45.10","44.61","9.27M","-0.84%"
"07/26/2018","45.09","45.11","45.32","44.90","4.75M","0.49%"
"07/25/2018","44.87","44.90","45.01","44.29","4.01M","-0.09%"
"07/24/2018","44.91","45.50","45.68","44.84","3.46M","-1.38%"
"07/23/2018","45.54","45.56","45.73","45.41","2.86M","-0.33%"
"07/20/2018","45.69","45.93","46.03","45.46","4.49M","-1.10%"
"07/19/2018","46.20","45.65","46.33","45.44","7.61M","-0.26%"
"07/18/2018","46.32","46.19","46.46","46.06","2.49M","0.28%"
"07/17/2018","46.19","46.06","46.52","46.06","2.87M","-0.47%"
"07/16/2018","46.41","47.28","47.28","45.98","6.32M","-1.65%"
"07/13/2018","47.19","46.82","47.25","46.64","3.61M","0.32%"
"07/12/2018","47.04","47.44","47.66","46.85","4.82M","-0.76%"
"07/11/2018","47.40","48.88","48.88","46.89","7.26M","-3.93%"
"07/10/2018","49.34","49.16","49.51","49.06","2.73M","0.53%"
"07/09/2018","49.08","48.56","49.13","48.00","3.93M","1.34%"
"07/06/2018","48.43","48.16","48.59","48.05","5.65M","0.54%"
"07/05/2018","48.17","48.45","48.51","47.80","4.69M","0.29%"
"07/03/2018","48.03","49.05","49.05","47.87","2.84M","-1.31%"
"07/02/2018","48.67","49.03","49.33","48.39","5.63M","-1.22%"
"06/29/2018","49.27","49.22","49.65","49.09","4.48M","-0.12%"
"06/28/2018","49.33","48.50","49.37","48.50","5.82M","2.13%"
"06/27/2018","48.30","48.09","48.58","47.55","16.41M","1.86%"
"06/26/2018","47.42","47.88","48.26","47.22","5.74M","-0.98%"
"06/25/2018","47.89","48.25","48.33","47.57","5.23M","-0.95%"
"06/22/2018","48.35","48.31","48.76","48.19","7.42M","0.65%"
"06/21/2018","48.04","48.11","48.86","47.75","11.38M","1.14%"
"06/20/2018","47.50","47.35","48.02","46.93","34.37M","7.25%"
"06/19/2018","44.29","43.92","44.80","43.82","3.70M","-0.18%"
"06/18/2018","44.37","44.43","44.67","44.15","4.69M","-0.43%"
"06/15/2018","44.56","44.62","44.83","44.18","5.75M","0.32%"
"06/14/2018","44.42","44.05","44.49","43.83","6.04M","2.33%"
"06/13/2018","43.41","43.52","43.70","43.08","11.24M","7.48%"
"06/12/2018","40.39","40.08","40.74","40.00","4.00M","1.18%"
"06/11/2018","39.92","39.47","40.74","39.38","3.62M","0.94%"
"06/08/2018","39.55","39.09","39.78","39.09","1.87M","0.82%"
"06/07/2018","39.23","38.80","39.24","38.64","2.62M","0.98%"
"06/06/2018","38.85","38.74","38.95","38.60","3.81M","0.28%"
"06/05/2018","38.74","38.53","38.84","38.39","2.28M","0.78%"
"06/04/2018","38.44","38.30","38.67","38.30","2.63M","0.44%"
"06/01/2018","38.27","38.26","38.47","38.02","2.54M","0.26%"
"05/31/2018","38.17","38.34","38.84","37.91","2.04M","-0.21%"
"05/30/2018","38.25","38.51","38.69","38.09","2.06M","0.00%"
"05/29/2018","38.25","38.15","38.50","37.93","2.75M","-0.70%"
"05/25/2018","38.52","38.44","38.82","38.31","2.50M","0.05%"
"05/24/2018","38.50","38.41","38.92","38.09","2.30M","0.68%"
"05/23/2018","38.24","37.87","38.52","37.87","2.52M","1.32%"
"05/22/2018","37.74","37.52","38.13","37.52","1.85M","0.77%"
"05/21/2018","37.45","37.36","37.64","37.30","2.06M","0.48%"
"05/18/2018","37.27","37.41","37.41","37.09","3.19M","-0.03%"
"05/17/2018","37.28","37.68","37.89","37.26","2.61M","-1.14%"
"05/16/2018","37.71","37.33","37.80","37.31","2.19M","0.96%"
"05/15/2018","37.35","36.99","37.41","36.93","1.78M","0.16%"
"05/14/2018","37.29","37.39","37.54","37.00","1.97M","-0.51%"
"05/11/2018","37.48","37.45","37.59","37.19","1.33M","0.05%"
"05/10/2018","37.46","37.49","37.74","37.21","2.46M","0.59%"
"05/09/2018","37.24","37.50","37.74","37.10","2.39M","-0.56%"
"05/08/2018","37.45","38.34","38.71","37.30","5.00M","-0.08%"
"05/07/2018","37.48","37.35","37.70","37.17","1.87M","0.86%"
"05/04/2018","37.16","36.14","37.19","35.91","4.80M","2.28%"
"05/03/2018","36.33","36.00","36.61","35.27","6.76M","0.55%"
"05/02/2018","36.13","36.03","36.52","35.78","6.72M","0.03%"
"05/01/2018","36.12","35.86","36.21","35.66","1.53M","0.14%"
"04/30/2018","36.07","36.14","36.60","36.06","3.56M","0.22%"
"04/27/2018","35.99","35.65","36.35","35.41","2.04M","0.42%"
"04/26/2018","35.84","36.27","36.67","35.80","2.08M","-0.80%"
"04/25/2018","36.13","35.60","36.55","35.32","4.16M","1.72%"
"04/24/2018","35.52","36.19","36.36","35.33","1.95M","-1.42%"
"04/23/2018","36.03","36.18","36.31","35.81","1.59M","-0.41%"
"04/20/2018","36.18","36.55","36.76","36.06","2.23M","-1.36%"
"04/19/2018","36.68","36.78","37.40","36.58","1.85M","-0.38%"
"04/18/2018","36.82","37.06","37.23","36.78","2.04M","-0.73%"
"04/17/2018","37.09","36.85","37.36","36.65","2.86M","1.59%"
"04/16/2018","36.51","36.71","36.77","36.31","2.70M","0.27%"
"04/13/2018","36.41","36.16","36.59","36.07","2.93M","0.94%"
"04/12/2018","36.07","35.73","36.19","35.67","4.26M","1.18%"
"04/11/2018","35.65","35.22","36.05","35.22","4.63M","-0.42%"
"04/10/2018","35.80","35.70","36.12","35.36","4.21M","1.33%"
"04/09/2018","35.33","35.44","35.97","35.24","3.80M","-0.03%"
"04/06/2018","35.34","35.78","36.06","35.03","4.95M","-1.83%"
"04/05/2018","36.00","35.87","36.10","35.40","4.68M","0.93%"
"04/04/2018","35.67","35.28","35.79","34.94","4.94M","0.22%"
"04/03/2018","35.59","35.84","35.84","35.14","4.47M","-0.25%"
"04/02/2018","35.68","36.13","36.29","35.27","3.67M","-1.90%"
"03/29/2018","36.37","35.70","36.46","35.45","5.45M","2.45%"
"03/28/2018","35.50","36.20","36.28","35.45","5.97M","-1.61%"
"03/27/2018","36.08","36.84","36.84","35.85","5.72M","-1.37%"
"03/26/2018","36.58","36.08","36.66","35.70","2.79M","3.19%"
"03/23/2018","35.45","36.26","36.52","35.42","3.16M","-2.02%"
"03/22/2018","36.18","35.83","36.54","35.67","2.52M","-0.33%"
"03/21/2018","36.30","36.10","36.63","36.09","1.53M","0.33%"
"03/20/2018","36.18","36.34","36.48","36.03","1.86M","-0.19%"
"03/19/2018","36.25","36.43","36.63","35.93","1.89M","-1.01%"
"03/16/2018","36.62","36.93","37.13","36.61","3.11M","-0.22%"
"03/15/2018","36.70","37.15","37.20","36.70","1.42M","-1.42%"
"03/14/2018","37.23","37.05","37.30","36.90","3.10M","1.03%"
"03/13/2018","36.85","37.64","37.67","36.73","2.23M","-1.73%"
"03/12/2018","37.50","37.25","37.80","37.12","1.89M","0.78%"
"03/09/2018","37.21","37.00","37.22","36.84","1.61M","1.14%"
"03/08/2018","36.79","36.63","36.97","36.45","1.23M","0.77%"
"03/07/2018","36.51","36.77","36.83","36.24","1.65M","-1.38%"
"03/06/2018","37.02","36.19","37.02","36.08","2.07M","2.41%"
"03/05/2018","36.15","35.58","36.62","35.55","2.77M","0.61%"
"03/02/2018","35.93","35.37","36.03","35.10","2.52M","1.13%"
"03/01/2018","35.53","36.55","36.69","35.43","3.83M","-2.44%"
"02/28/2018","36.42","37.27","37.45","36.41","2.73M","-1.94%"
"02/27/2018","37.14","37.99","38.19","37.11","3.38M","-3.28%"
"02/26/2018","38.40","37.67","38.41","37.61","1.43M","2.07%"
"02/23/2018","37.62","37.04","37.62","36.72","1.71M","2.42%"
"02/22/2018","36.73","36.70","36.94","36.59","1.57M","0.46%"
"02/21/2018","36.56","36.78","37.15","36.54","2.90M","-0.14%"
"02/20/2018","36.61","36.84","37.12","36.55","2.35M","-1.16%"
"02/16/2018","37.04","36.56","37.26","36.56","2.07M","1.06%"
"02/15/2018","36.65","36.21","36.73","36.14","2.02M","1.30%"
"02/14/2018","36.18","35.99","36.40","35.80","2.27M","-0.03%"
"02/13/2018","36.19","35.56","36.38","35.56","1.65M","0.67%"
"02/12/2018","35.95","35.74","36.39","35.73","3.10M","2.16%"
"02/09/2018","35.19","34.38","35.48","33.75","5.54M","3.23%"
"02/08/2018","34.09","35.68","35.96","34.05","4.49M","-4.51%"
"02/07/2018","35.70","36.41","36.96","35.62","4.00M","-1.98%"
"02/06/2018","36.42","35.01","36.44","34.76","7.35M","2.42%"
"02/05/2018","35.56","36.06","37.05","35.55","5.31M","-1.82%"
"02/02/2018","36.22","36.40","36.93","36.09","2.92M","-1.33%"
"02/01/2018","36.71","36.49","37.15","36.25","2.74M","0.60%"
"01/31/2018","36.49","37.83","37.84","36.26","3.55M","-3.67%"
"01/30/2018","37.88","38.41","38.56","37.85","2.27M","-0.68%"
"01/29/2018","38.14","38.10","38.52","38.10","2.42M","-0.47%"
"01/26/2018","38.32","37.87","38.43","37.44","2.51M","1.56%"
"01/25/2018","37.73","37.51","37.84","37.39","2.57M","0.64%"
"01/24/2018","37.49","37.35","37.97","37.22","2.57M","0.81%"
"01/23/2018","37.19","36.62","37.32","36.59","3.87M","0.62%"
"01/22/2018","36.96","36.45","37.07","35.99","3.59M","1.93%"
"01/19/2018","36.26","35.61","36.26","35.57","5.56M","1.48%"
"01/18/2018","35.73","36.44","36.44","35.65","3.53M","-2.08%"
"01/17/2018","36.49","36.12","36.54","35.85","3.03M","1.96%"
"01/16/2018","35.79","36.50","36.53","35.75","3.15M","-1.59%"
"01/12/2018","36.37","35.80","36.48","35.72","2.24M","1.59%"
"01/11/2018","35.80","35.30","35.92","35.30","2.71M","1.36%"
"01/10/2018","35.32","36.19","36.29","35.07","6.89M","-2.38%"
"01/09/2018","36.18","35.82","36.37","35.82","4.05M","0.92%"
"01/08/2018","35.85","36.13","36.19","35.51","4.45M","-1.38%"
"01/05/2018","36.35","36.40","36.44","35.86","4.68M","0.50%"
"01/04/2018","36.17","36.16","36.22","35.78","2.67M","0.67%"
"01/03/2018","35.93","35.37","36.24","35.37","3.25M","1.61%"
"01/02/2018","35.36","34.38","35.38","34.27","3.09M","3.63%"
"12/29/2017","34.12","33.93","34.26","33.93","1.74M","0.12%"
"12/28/2017","34.08","34.18","34.25","33.99","1.37M","-0.18%"
"12/27/2017","34.14","34.26","34.31","34.04","1.52M","-0.09%"
"12/26/2017","34.17","34.84","34.93","34.15","1.50M","-1.58%"
"12/22/2017","34.72","34.36","34.83","34.36","1.57M","0.55%"
"12/21/2017","34.53","33.79","34.81","33.66","3.66M","1.98%"
"12/20/2017","33.86","34.30","34.56","33.82","5.64M","-1.48%"
"12/19/2017","34.37","34.65","34.82","34.27","5.55M","-0.38%"
"12/18/2017","34.50","34.35","34.83","34.11","6.66M","0.82%"
"12/15/2017","34.22","34.32","35.34","34.15","10.33M","0.00%"
"12/14/2017","34.22","32.25","34.38","32.08","18.22M","5.81%"
"12/13/2017","32.34","33.58","33.58","32.06","7.50M","-3.75%"
"12/12/2017","33.60","33.46","33.70","32.94","6.03M","0.99%"
"12/11/2017","33.27","33.04","33.35","32.76","3.70M","0.91%"
"12/08/2017","32.97","34.02","34.11","32.90","5.69M","-2.37%"
"12/07/2017","33.77","32.77","34.34","32.57","10.99M","3.27%"
"12/06/2017","32.70","32.55","33.24","32.08","4.25M","0.68%"
"12/05/2017","32.48","32.02","33.69","32.02","6.40M","0.53%"
"12/04/2017","32.31","31.79","33.19","31.79","4.31M","2.67%"
"12/01/2017","31.47","30.64","31.60","30.52","5.14M","1.03%"
"11/30/2017","31.15","31.00","31.46","30.54","3.60M","-0.48%"
"11/29/2017","31.30","30.22","31.59","30.22","3.98M","3.75%"
"11/28/2017","30.17","29.82","30.23","29.63","2.08M","1.58%"
"11/27/2017","29.70","29.72","29.89","29.67","2.92M","-0.27%"
"11/24/2017","29.78","29.68","30.09","29.68","732.23K","-0.53%"
"11/22/2017","29.94","30.02","30.16","29.83","2.72M","-0.53%"
"11/21/2017","30.10","29.93","30.28","29.64","2.65M","0.67%"
"11/20/2017","29.90","30.45","30.92","29.70","3.27M","-1.90%"
"11/17/2017","30.48","30.45","30.73","29.57","5.81M","6.57%"
"11/16/2017","28.60","27.56","28.74","27.56","3.40M","2.33%"
"11/15/2017","27.95","27.26","28.01","26.86","2.97M","2.34%"
"11/14/2017","27.31","27.66","27.77","27.09","2.40M","-1.83%"
"11/13/2017","27.82","27.84","28.04","27.48","1.49M","-0.89%"
"11/10/2017","28.07","28.19","29.17","27.98","4.56M","-0.21%"
"11/09/2017","28.13","26.76","28.96","26.57","5.28M","2.85%"
"11/08/2017","27.35","26.84","27.39","26.74","5.69M","1.15%"
"11/07/2017","27.04","26.70","27.77","26.70","6.64M","1.58%"
"11/06/2017","26.62","24.33","26.85","24.30","12.14M","8.96%"
"11/03/2017","24.43","25.05","25.20","24.39","3.30M","-2.86%"
"11/02/2017","25.15","25.38","25.53","24.91","2.96M","-0.91%"
"11/01/2017","25.38","25.61","25.83","25.35","1.45M","-0.28%"
"10/31/2017","25.45","25.78","25.78","25.35","1.67M","-1.17%"
"10/30/2017","25.75","25.65","26.03","25.52","2.16M","0.00%"
"10/27/2017","25.75","25.56","25.76","24.91","2.33M","0.19%"
"10/26/2017","25.70","25.76","26.00","25.42","1.80M","1.06%"
"10/25/2017","25.43","25.45","25.65","25.31","1.91M","-0.51%"
"10/24/2017","25.56","25.89","25.97","25.54","2.12M","-1.73%"
"10/23/2017","26.01","26.93","26.93","25.97","1.92M","-3.09%"
"10/20/2017","26.84","26.88","26.94","26.64","1.43M","0.52%"
"10/19/2017","26.70","26.59","26.73","26.31","1.46M","0.41%"
"10/18/2017","26.59","26.21","26.72","26.19","2.59M","1.41%"
"10/17/2017","26.22","26.00","26.25","25.93","1.31M","0.46%"
"10/16/2017","26.10","25.92","26.20","25.80","1.89M","1.05%"
"10/13/2017","25.83","25.61","25.91","25.45","4.76M","1.33%"
"10/12/2017","25.49","25.30","25.78","25.20","4.77M","0.04%"
"10/11/2017","25.48","26.05","26.05","25.24","3.02M","-2.56%"
"10/10/2017","26.15","26.03","26.54","25.99","1.59M","0.69%"
"10/09/2017","25.97","26.41","26.48","25.97","1.23M","-1.89%"
"10/06/2017","26.47","26.34","26.49","26.09","2.36M","0.57%"
"10/05/2017","26.32","26.58","26.65","26.24","1.59M","-0.53%"
"10/04/2017","26.46","25.96","26.63","25.92","3.66M","1.69%"
"10/03/2017","26.02","26.00","26.16","25.85","3.85M","-0.12%"
"10/02/2017","26.05","25.85","26.30","25.79","3.42M","1.01%"
"09/29/2017","25.79","26.05","26.10","25.70","5.00M","-0.85%"
"09/28/2017","26.01","26.61","26.68","25.95","2.81M","-2.84%"
"09/27/2017","26.77","26.47","26.81","26.13","2.86M","1.32%"
"09/26/2017","26.42","26.63","26.70","26.40","1.93M","-0.71%"
"09/25/2017","26.61","26.33","26.83","26.33","2.50M","0.68%"
"09/22/2017","26.43","26.24","26.47","26.21","1.37M","0.38%"
"09/21/2017","26.33","26.27","26.46","26.19","1.73M","-0.19%"
"09/20/2017","26.38","26.32","26.53","26.26","2.35M","0.42%"
"09/19/2017","26.27","26.10","26.31","25.92","2.30M","0.92%"
"09/18/2017","26.03","26.66","26.66","25.86","2.66M","-2.33%"
"09/15/2017","26.65","26.03","26.66","25.88","11.35M","2.50%"
"09/14/2017","26.00","26.05","26.13","25.80","2.35M","-0.57%"
"09/13/2017","26.15","25.42","26.16","25.38","3.25M","2.71%"
"09/12/2017","25.46","25.48","25.54","25.19","2.72M","-0.82%"
"09/11/2017","25.67","25.56","25.68","25.39","3.12M","1.14%"
"09/08/2017","25.38","25.37","25.40","25.07","2.54M","0.00%"
"09/07/2017","25.38","26.04","26.09","24.78","4.48M","-2.27%"
"09/06/2017","25.97","26.14","26.20","25.75","2.66M","-0.46%"
"09/05/2017","26.09","26.97","27.02","25.91","3.23M","-3.30%"
"09/01/2017","26.98","27.16","27.31","26.95","1.63M","-0.44%"
"08/31/2017","27.10","27.02","27.25","26.99","2.53M","0.33%"
"08/30/2017","27.01","26.90","27.23","26.85","2.06M","0.37%"
"08/29/2017","26.91","26.56","27.02","26.56","1.75M","0.56%"
"08/28/2017","26.76","26.86","27.02","26.71","1.55M","0.15%"
"08/25/2017","26.72","26.66","26.97","26.58","2.63M","0.41%"
"08/24/2017","26.61","26.67","26.80","26.57","1.57M","-0.19%"
"08/23/2017","26.66","26.87","26.91","26.64","2.83M","-1.19%"
"08/22/2017","26.98","26.99","27.06","26.81","1.60M","0.33%"
"08/21/2017","26.89","26.84","26.91","26.56","2.00M","0.37%"
"08/18/2017","26.79","26.74","27.09","26.72","2.46M","-0.37%"
"08/17/2017","26.89","27.52","27.61","26.86","2.57M","-2.43%"
"08/16/2017","27.56","27.58","27.71","27.39","1.64M","0.44%"
"08/15/2017","27.44","27.71","27.83","27.42","1.71M","-1.19%"
"08/14/2017","27.77","28.00","28.17","27.75","2.06M","-0.25%"
"08/11/2017","27.84","27.72","27.93","27.47","1.71M","1.35%"
"08/10/2017","27.47","28.50","29.16","27.45","3.58M","-0.15%"
"08/09/2017","27.51","27.43","27.56","26.96","2.52M","-0.72%"
"08/08/2017","27.71","27.81","28.06","27.60","1.53M","-0.47%"
"08/07/2017","27.84","28.04","28.11","27.80","1.27M","-0.78%"
"08/04/2017","28.06","28.33","28.48","27.77","2.23M","-1.61%"
"08/03/2017","28.52","28.27","28.70","28.15","2.15M","0.85%"
"08/02/2017","28.28","28.67","28.71","28.16","2.36M","-2.21%"
"08/01/2017","28.92","28.81","29.21","28.76","2.25M","0.80%"
"07/31/2017","28.69","29.02","29.02","28.49","2.48M","-0.76%"
"07/28/2017","28.91","29.06","29.27","28.76","3.99M","-1.06%"
"07/27/2017","29.22","28.15","29.23","27.97","3.24M","4.66%"
"07/26/2017","27.92","27.71","28.05","27.64","1.21M","0.76%"
"07/25/2017","27.71","27.55","27.84","27.36","1.46M","0.76%"
"07/24/2017","27.50","27.75","27.75","27.33","1.64M","-0.54%"
"07/21/2017","27.65","27.54","27.85","27.54","1.58M","0.14%"
"07/20/2017","27.61","27.56","27.86","27.19","1.35M","0.55%"
"07/19/2017","27.46","27.30","27.51","27.19","1.70M","0.96%"
"07/18/2017","27.20","27.26","27.27","26.72","2.19M","-0.11%"
"07/17/2017","27.23","27.58","27.72","27.15","2.65M","-1.13%"
"07/14/2017","27.54","27.59","27.83","27.32","1.77M","0.51%"
"07/13/2017","27.40","28.08","28.59","27.23","3.09M","-3.21%"
"07/12/2017","28.31","27.95","28.35","27.94","2.35M","2.13%"
"07/11/2017","27.72","27.88","27.88","27.64","1.19M","-0.43%"
"07/10/2017","27.84","27.47","27.90","27.44","1.20M","1.02%"
"07/07/2017","27.56","27.54","27.71","27.31","1.50M","0.15%"
"07/06/2017","27.52","27.76","27.84","27.47","2.03M","-1.50%"
"07/05/2017","27.94","28.12","28.18","27.80","1.81M","-0.68%"
"07/03/2017","28.13","28.10","28.43","27.94","1.57M","0.93%"
"06/30/2017","27.87","27.91","27.95","27.40","2.33M","0.47%"
"06/29/2017","27.74","27.64","28.41","27.61","3.07M","-0.11%"
"06/28/2017","27.77","27.33","28.00","27.33","2.15M","2.02%"
"06/27/2017","27.22","27.51","27.78","27.19","3.22M","-1.45%"
"06/26/2017","27.62","27.00","27.82","26.98","2.87M","2.56%"
"06/23/2017","26.93","26.59","26.95","26.42","7.49M","1.13%"
"06/22/2017","26.63","26.82","26.88","26.62","1.45M","-0.86%"
"06/21/2017","26.86","26.76","27.11","26.50","2.71M","0.45%"
"06/20/2017","26.74","27.31","27.31","26.70","2.11M","-2.52%"
"06/19/2017","27.43","27.15","27.57","26.93","1.88M","1.14%"
"06/16/2017","27.12","26.93","27.36","26.83","3.58M","-1.06%"
"06/15/2017","27.41","27.07","27.43","27.00","1.96M","1.03%"
"06/14/2017","27.13","27.80","27.80","26.98","2.26M","-1.92%"
"06/13/2017","27.66","27.92","28.14","27.60","2.35M","-1.81%"
"06/12/2017","28.17","27.57","28.56","27.57","4.66M","1.70%"
"06/09/2017","27.70","27.02","27.71","26.83","4.01M","2.59%"
"06/08/2017","27.00","27.14","27.21","26.71","1.48M","-0.70%"
"06/07/2017","27.19","27.20","27.41","27.10","1.59M","-0.07%"
"06/06/2017","27.21","27.37","27.54","27.16","2.05M","-0.55%"
"06/05/2017","27.36","27.60","27.60","27.07","1.51M","-0.87%"
"06/02/2017","27.60","27.61","27.85","27.53","2.32M","0.25%"
"06/01/2017","27.53","26.89","27.55","26.86","2.42M","2.34%"
"05/31/2017","26.90","26.98","27.07","26.78","1.72M","-0.22%"
"05/30/2017","26.96","26.90","27.02","26.77","2.25M","0.04%"
"05/26/2017","26.95","27.32","27.32","26.90","2.16M","-1.03%"
"05/25/2017","27.23","26.80","27.71","26.55","3.49M","2.10%"
"05/24/2017","26.67","26.62","26.72","26.47","1.18M","0.53%"
"05/23/2017","26.53","27.05","27.06","26.49","2.04M","-1.74%"
"05/22/2017","27.00","27.05","27.09","26.84","2.26M","-0.07%"
"05/19/2017","27.02","26.72","27.15","26.64","3.06M","0.90%"
"05/18/2017","26.78","26.66","26.94","26.63","2.00M","0.04%"
"05/17/2017","26.77","27.00","27.02","26.61","3.68M","-1.25%"
"05/16/2017","27.11","27.71","27.71","26.89","3.20M","-2.02%"
"05/15/2017","27.67","27.97","28.12","27.63","4.42M","-0.82%"
"05/12/2017","27.90","28.22","28.49","27.73","8.15M","-1.48%"
"05/11/2017","28.32","28.02","28.49","27.41","6.26M","2.31%"
"05/10/2017","27.68","27.84","27.95","27.54","3.75M","-1.00%"
"05/09/2017","27.96","27.95","28.08","27.63","2.91M","-0.25%"
"05/08/2017","28.03","28.62","28.66","27.91","3.40M","-1.92%"
"05/05/2017","28.58","28.62","28.86","28.03","3.13M","0.28%"
"05/04/2017","28.50","28.25","28.70","27.31","5.26M","0.53%"
"05/03/2017","28.35","29.85","29.85","28.25","3.76M","-5.03%"
"05/02/2017","29.85","29.63","29.91","29.61","2.18M","0.54%"
"05/01/2017","29.69","29.95","29.95","29.56","2.28M","-0.57%"
"04/28/2017","29.86","29.99","29.99","29.64","1.93M","-0.23%"
"04/27/2017","29.93","30.04","30.14","29.82","2.97M","-0.40%"
"04/26/2017","30.05","29.93","30.21","29.85","1.91M","0.54%"
"04/25/2017","29.89","29.79","30.06","29.78","4.72M","0.47%"
"04/24/2017","29.75","30.50","30.58","29.65","3.20M","-1.56%"
"04/21/2017","30.22","30.56","30.66","30.14","1.80M","-1.08%"
"04/20/2017","30.55","29.98","30.64","29.81","3.40M","2.48%"
"04/19/2017","29.81","30.13","30.29","29.81","2.92M","-0.80%"
"04/18/2017","30.05","30.04","30.17","29.79","1.82M","-0.36%"
"04/17/2017","30.16","29.96","30.22","29.94","1.91M","1.00%"
"04/13/2017","29.86","30.24","30.44","29.86","1.61M","-0.93%"
"04/12/2017","30.14","30.36","30.46","29.95","2.17M","-1.08%"
"04/11/2017","30.47","30.49","30.62","30.17","1.82M","-0.42%"
"04/10/2017","30.60","30.62","30.82","30.46","2.37M","0.20%"
"04/07/2017","30.54","30.60","30.68","30.29","1.59M","-0.03%"
"04/06/2017","30.55","30.81","30.81","30.09","3.23M","-0.91%"
"04/05/2017","30.83","31.20","31.26","30.73","2.36M","-1.22%"
"04/04/2017","31.21","31.50","31.55","31.05","1.91M","-1.14%"
"04/03/2017","31.57","31.77","31.94","31.43","1.68M","-0.66%"
"03/31/2017","31.78","31.58","31.88","31.58","2.02M","0.35%"
"03/30/2017","31.67","31.45","31.70","31.34","1.49M","0.51%"
"03/29/2017","31.51","31.66","31.79","31.47","1.63M","-0.97%"
"03/28/2017","31.82","31.16","31.92","31.15","3.46M","1.82%"
"03/27/2017","31.25","30.83","31.37","30.68","2.67M","1.20%"
"03/24/2017","30.88","30.84","31.18","30.64","2.50M","0.42%"
"03/23/2017","30.75","30.40","30.95","30.27","3.01M","1.08%"
"03/22/2017","30.42","30.17","30.53","30.02","2.25M","1.10%"
"03/21/2017","30.09","30.23","30.33","30.02","2.70M","0.00%"
"03/20/2017","30.09","30.27","30.46","30.06","1.01M","-0.59%"
"03/17/2017","30.27","30.41","30.48","30.06","3.24M","0.23%"
"03/16/2017","30.20","30.25","30.30","30.00","2.14M","-0.40%"
"03/15/2017","30.32","30.05","30.43","29.92","2.33M","1.34%"
"03/14/2017","29.92","29.88","30.04","29.78","1.25M","-0.10%"
"03/13/2017","29.95","29.95","30.05","29.85","1.59M","-0.03%"
"03/10/2017","29.96","30.27","30.40","29.83","3.59M","-0.99%"
"03/09/2017","30.26","30.00","30.36","30.00","3.04M","0.93%"
"03/08/2017","29.98","30.09","30.16","29.88","2.26M","-0.43%"
"03/07/2017","30.11","30.02","30.21","29.77","2.75M","-0.30%"
"03/06/2017","30.20","29.89","30.48","29.78","2.57M","0.83%"
"03/03/2017","29.95","29.71","29.99","29.49","1.89M","0.81%"
"03/02/2017","29.71","29.77","29.86","29.51","2.36M","-0.50%"
"03/01/2017","29.86","29.51","30.08","29.51","3.90M","1.74%"
"02/28/2017","29.35","29.96","29.98","29.33","5.62M","-2.20%"
"02/27/2017","30.01","30.09","30.28","29.78","2.23M","-0.73%"
"02/24/2017","30.23","30.16","30.24","29.93","2.69M","0.77%"
"02/23/2017","30.00","30.16","30.32","29.79","2.60M","-0.50%"
"02/22/2017","30.15","29.97","30.23","29.96","1.68M","0.30%"
"02/21/2017","30.06","29.95","30.28","29.78","2.65M","0.47%"
"02/17/2017","29.92","30.05","30.12","29.75","2.44M","-0.53%"
"02/16/2017","30.08","30.31","30.31","29.95","1.98M","-0.82%"
"02/15/2017","30.33","29.80","30.33","29.77","2.19M","1.03%"
"02/14/2017","30.02","29.50","30.08","29.35","2.68M","1.83%"
"02/13/2017","29.48","29.85","29.86","29.26","3.46M","-0.57%"
"02/10/2017","29.65","29.80","29.85","29.53","3.05M","-0.20%"
"02/09/2017","29.71","29.95","30.10","29.64","1.93M","-0.37%"
"02/08/2017","29.82","30.08","30.19","29.58","3.86M","-1.13%"
"02/07/2017","30.16","30.45","31.08","29.80","5.89M","-1.82%"
"02/06/2017","30.72","30.94","31.12","30.68","2.34M","-1.19%"
"02/03/2017","31.09","31.30","31.30","30.87","1.66M","-0.22%"
"02/02/2017","31.16","31.21","31.23","30.93","1.93M","-0.26%"
"02/01/2017","31.24","31.03","31.30","30.94","2.92M","0.74%"
"01/31/2017","31.01","30.83","31.08","30.64","2.27M","0.10%"
"01/30/2017","30.98","30.83","30.99","30.53","2.03M","0.42%"
"01/27/2017","30.85","30.70","30.96","30.42","1.82M","0.85%"
"01/26/2017","30.59","29.85","30.97","29.82","3.08M","2.65%"
"01/25/2017","29.80","29.89","29.98","29.72","2.57M","0.03%"
"01/24/2017","29.79","29.61","29.81","29.38","1.67M","0.95%"
"01/23/2017","29.51","29.49","29.61","29.25","1.52M","-0.14%"
"01/20/2017","29.55","29.40","29.55","29.16","2.53M","1.16%"
"01/19/2017","29.21","29.52","29.61","29.08","2.03M","-1.05%"
"01/18/2017","29.52","29.32","29.56","29.20","1.98M","0.92%"
"01/17/2017","29.25","29.14","29.34","29.09","1.80M","0.00%"
"01/13/2017","29.25","29.02","29.31","28.92","1.91M","0.58%"
"01/12/2017","29.08","29.34","29.41","28.97","3.12M","-1.22%"
"01/11/2017","29.44","28.89","29.45","28.82","3.48M","1.80%"
"01/10/2017","28.92","28.71","29.29","28.56","2.83M","0.52%"
"01/09/2017","28.77","28.80","28.89","28.55","1.83M","-0.28%"
"01/06/2017","28.85","28.40","28.89","28.21","2.01M","1.80%"
"01/05/2017","28.34","28.13","28.43","27.90","4.39M","0.32%"
"01/04/2017","28.25","28.00","28.38","28.00","2.74M","0.89%"
"01/03/2017","28.00","27.74","28.15","27.54","2.94M","2.75%"
"12/30/2016","27.25","27.50","27.52","27.08","2.89M","-0.84%"
"12/29/2016","27.48","27.65","27.81","27.44","1.25M","-0.65%"
"12/28/2016","27.66","27.90","27.93","27.64","2.01M","-0.65%"
"12/27/2016","27.84","27.82","27.99","27.69","1.28M","0.51%"
"12/23/2016","27.70","27.78","27.80","27.57","1.38M","-0.18%"
"12/22/2016","27.75","27.60","27.80","27.50","3.78M","0.04%"
"12/21/2016","27.74","27.62","27.75","27.46","3.44M","0.54%"
"12/20/2016","27.59","27.65","27.92","27.51","2.78M","-0.14%"
"12/19/2016","27.63","27.81","27.90","27.54","2.56M","-0.36%"
"12/16/2016","27.73","27.45","28.08","27.31","10.14M","1.24%"
"12/15/2016","27.39","27.68","27.80","27.22","6.10M","-0.72%"
"12/14/2016","27.59","26.94","27.84","26.92","8.53M","2.57%"
"12/13/2016","26.90","26.27","26.91","26.23","5.31M","2.71%"
"12/12/2016","26.19","27.74","27.78","25.93","7.47M","-6.20%"
"12/09/2016","27.92","28.54","29.63","27.42","13.27M","-1.97%"
"12/08/2016","28.48","28.01","28.49","27.98","2.83M","1.90%"
"12/07/2016","27.95","27.22","27.97","27.22","4.72M","2.12%"
"12/06/2016","27.37","27.50","27.63","27.19","4.18M","-0.58%"
"12/05/2016","27.53","27.49","27.57","26.82","3.65M","0.58%"
"12/02/2016","27.37","28.13","28.19","27.21","2.86M","-2.53%"
"12/01/2016","28.08","28.01","28.27","27.89","4.19M","0.07%"
"11/30/2016","28.06","28.32","28.44","27.98","5.20M","-1.06%"
"11/29/2016","28.36","28.29","28.41","28.13","3.47M","0.60%"
"11/28/2016","28.19","28.16","28.31","27.99","3.24M","-0.25%"
"11/25/2016","28.26","28.21","28.30","28.13","1.99M","-0.07%"
"11/23/2016","28.28","28.15","28.36","28.03","3.26M","0.50%"
"11/22/2016","28.14","27.83","28.19","27.68","2.92M","1.48%"
"11/21/2016","27.73","27.73","27.75","27.54","2.22M","0.14%"
"11/18/2016","27.69","27.74","27.91","27.64","3.24M","-0.43%"
"11/17/2016","27.81","27.36","27.81","27.31","2.34M","1.16%"
"11/16/2016","27.49","27.39","27.55","27.27","2.42M","0.33%"
"11/15/2016","27.40","27.30","27.48","27.21","3.86M","0.26%"
"11/14/2016","27.33","27.08","27.38","26.99","5.02M","1.22%"
"11/11/2016","27.00","27.11","27.14","26.70","3.69M","-0.59%"
"11/10/2016","27.16","27.35","27.64","26.99","4.62M","-0.62%"
"11/09/2016","27.33","26.40","27.46","26.30","6.29M","0.92%"
"11/08/2016","27.08","27.22","27.30","26.84","4.45M","-0.40%"
"11/07/2016","27.19","27.17","27.22","26.86","4.17M","1.87%"
"11/04/2016","26.69","27.22","27.47","26.66","8.69M","-3.05%"
"11/03/2016","27.53","26.70","27.70","26.66","10.10M","6.91%"
"11/02/2016","25.75","26.21","26.23","25.70","6.83M","-1.68%"
"11/01/2016","26.19","26.41","26.41","25.99","7.14M","-0.76%"
"10/31/2016","26.39","26.30","26.50","26.23","4.55M","0.57%"
"10/28/2016","26.24","26.21","26.42","26.14","3.11M","0.00%"
"10/27/2016","26.24","26.57","26.61","26.12","2.36M","-1.06%"
"10/26/2016","26.52","25.71","26.58","25.61","3.11M","3.15%"
"10/25/2016","25.71","25.68","25.84","25.60","1.94M","0.16%"
"10/24/2016","25.67","26.12","26.27","25.48","3.24M","-0.93%"
"10/21/2016","25.91","25.23","26.15","25.11","4.11M","2.17%"
"10/20/2016","25.36","25.18","25.49","25.04","8.62M","0.16%"
"10/19/2016","25.32","25.18","25.57","25.10","2.97M","1.00%"
"10/18/2016","25.07","25.02","25.22","24.91","2.54M","1.13%"
"10/17/2016","24.79","24.85","24.96","24.77","4.32M","-0.28%"
"10/14/2016","24.86","24.81","25.04","24.74","4.78M","0.40%"
"10/13/2016","24.76","24.54","24.84","24.41","2.85M","0.00%"
"10/12/2016","24.76","24.77","24.90","24.64","2.71M","-0.28%"
"10/11/2016","24.83","25.03","25.08","24.72","3.13M","-0.72%"
"10/10/2016","25.01","24.75","25.08","24.75","1.31M","1.34%"
"10/07/2016","24.68","25.21","25.77","24.56","1.83M","-0.92%"
"10/06/2016","24.91","24.92","25.11","24.74","1.76M","-0.40%"
"10/05/2016","25.01","25.27","25.32","25.00","2.26M","-0.56%"
"10/04/2016","25.15","25.13","25.44","25.01","2.53M","-0.08%"
"10/03/2016","25.17","24.69","25.25","24.61","2.55M","1.74%"
"09/30/2016","24.74","24.75","24.97","24.65","3.19M","0.49%"
"09/29/2016","24.62","24.82","24.97","24.58","1.68M","-1.08%"
"09/28/2016","24.89","24.78","25.05","24.75","2.22M","0.36%"
"09/27/2016","24.80","24.36","24.82","24.33","2.34M","2.02%"
"09/26/2016","24.31","24.40","24.47","24.16","2.78M","-0.73%"
"09/23/2016","24.49","24.68","24.81","24.48","3.15M","-1.01%"
"09/22/2016","24.74","24.45","24.82","24.37","3.61M","1.81%"
"09/21/2016","24.30","24.27","24.38","24.09","6.22M","0.25%"
"09/20/2016","24.24","24.33","24.46","24.20","5.29M","-0.21%"
"09/19/2016","24.29","24.38","24.45","24.17","2.65M","0.04%"
"09/16/2016","24.28","24.16","24.32","23.88","13.34M","-0.16%"
"09/15/2016","24.32","24.09","24.46","23.97","7.58M","0.54%"
"09/14/2016","24.19","24.23","24.44","24.06","6.88M","-0.04%"
"09/13/2016","24.20","24.50","24.58","24.05","4.67M","-1.87%"
"09/12/2016","24.66","23.92","24.80","23.91","6.81M","2.24%"
"09/09/2016","24.12","24.81","24.92","24.08","5.68M","-3.67%"
"09/08/2016","25.04","24.64","25.08","24.52","9.62M","1.95%"
"09/07/2016","24.56","24.71","24.81","24.54","3.88M","-0.61%"
"09/06/2016","24.71","24.81","24.81","24.30","4.20M","-0.16%"
"09/02/2016","24.75","25.02","25.02","24.71","3.24M","0.00%"
"09/01/2016","24.75","24.80","24.94","24.70","3.86M","-0.40%"
"08/31/2016","24.85","24.77","25.04","24.77","7.98M","0.00%"
"08/30/2016","24.85","25.20","25.20","24.85","2.94M","-0.80%"
"08/29/2016","25.05","25.17","25.28","25.01","3.98M","0.20%"
"08/26/2016","25.00","25.24","25.30","24.90","2.27M","-0.40%"
"08/25/2016","25.10","25.35","25.44","25.04","1.62M","-0.95%"
"08/24/2016","25.34","25.48","25.57","25.25","2.15M","-0.43%"
"08/23/2016","25.45","25.85","25.92","25.42","2.60M","-1.01%"
"08/22/2016","25.71","25.80","25.98","25.67","2.35M","-0.39%"
"08/19/2016","25.81","25.88","25.90","25.59","3.07M","-0.04%"
"08/18/2016","25.82","26.23","26.23","25.75","3.75M","-1.41%"
"08/17/2016","26.19","26.19","26.27","26.01","3.89M","0.23%"
"08/16/2016","26.13","26.28","26.30","26.12","2.66M","-0.65%"
"08/15/2016","26.30","26.63","26.65","26.29","1.77M","-1.02%"
"08/12/2016","26.57","26.55","26.82","26.50","1.74M","-0.26%"
"08/11/2016","26.64","26.32","26.68","26.20","2.18M","1.76%"
"08/10/2016","26.18","26.25","26.31","25.96","2.64M","0.00%"
"08/09/2016","26.18","26.19","26.27","25.99","3.21M","-0.19%"
"08/08/2016","26.23","26.40","26.40","26.11","2.77M","-0.79%"
"08/05/2016","26.44","26.43","26.60","26.28","3.24M","0.88%"
"08/04/2016","26.21","26.33","26.85","25.92","5.12M","-4.41%"
"08/03/2016","27.42","27.04","27.47","26.75","2.09M","1.41%"
"08/02/2016","27.04","27.06","27.22","26.96","1.66M","-0.37%"
"08/01/2016","27.14","27.06","27.30","26.85","2.47M","0.41%"
"07/29/2016","27.03","27.13","27.15","26.88","1.64M","-0.15%"
"07/28/2016","27.07","27.31","27.44","27.07","3.64M","-1.31%"
"07/27/2016","27.43","27.48","27.48","27.26","1.79M","0.11%"
"07/26/2016","27.40","27.50","27.60","27.20","1.49M","-0.18%"
"07/25/2016","27.45","27.71","27.77","27.41","1.62M","-1.15%"
"07/22/2016","27.77","27.90","27.90","27.62","2.53M","0.18%"
"07/21/2016","27.72","27.69","27.93","27.51","3.39M","-0.29%"
"07/20/2016","27.80","28.44","28.48","27.62","5.07M","-2.28%"
"07/19/2016","28.45","28.43","28.57","28.33","2.10M","-0.45%"
"07/18/2016","28.58","28.59","28.73","28.51","1.64M","-0.03%"
"07/15/2016","28.59","28.88","28.88","28.33","2.50M","-0.10%"
"07/14/2016","28.62","28.72","28.81","28.52","1.69M","0.74%"
"07/13/2016","28.41","28.22","28.48","28.06","3.31M","1.18%"
"07/12/2016","28.08","28.27","28.39","28.02","2.00M","-0.04%"
"07/11/2016","28.09","28.01","28.25","27.90","1.16M","0.32%"
"07/08/2016","28.00","27.52","28.01","27.45","1.91M","2.71%"
"07/07/2016","27.26","26.94","27.31","26.94","1.64M","0.52%"
"07/06/2016","27.12","26.71","27.13","26.42","2.48M","0.89%"
"07/05/2016","26.88","27.45","27.45","26.73","2.37M","-2.29%"
"07/01/2016","27.51","27.24","27.60","27.15","1.69M","0.95%"
"06/30/2016","27.25","27.19","27.31","26.93","2.71M","0.66%"
"06/29/2016","27.07","26.74","27.10","26.63","3.13M","1.69%"
"06/28/2016","26.62","26.46","26.84","26.37","3.27M","1.37%"
"06/27/2016","26.26","26.58","26.58","26.15","4.57M","-1.87%"
"06/24/2016","26.76","27.68","27.94","26.75","5.57M","-7.66%"
"06/23/2016","28.98","28.90","29.08","28.79","3.03M","1.08%"
"06/22/2016","28.67","28.67","28.95","28.61","2.35M","0.28%"
"06/21/2016","28.59","28.95","28.99","28.55","1.97M","-1.21%"
"06/20/2016","28.94","29.01","29.28","28.94","2.72M","0.84%"
"06/17/2016","28.70","28.81","28.95","28.47","5.00M","-1.10%"
"06/16/2016","29.02","28.78","29.20","28.50","2.64M","0.17%"
"06/15/2016","28.97","28.97","29.21","28.91","2.63M","-0.03%"
"06/14/2016","28.98","29.00","29.11","28.69","1.82M","-0.34%"
"06/13/2016","29.08","28.96","29.35","28.95","1.73M","0.31%"
"06/10/2016","28.99","29.04","29.24","28.82","2.65M","-1.43%"
"06/09/2016","29.41","29.53","29.59","29.16","2.13M","-0.94%"
"06/08/2016","29.69","29.61","29.71","29.47","1.47M","0.03%"
"06/07/2016","29.68","29.73","29.89","29.63","2.18M","-0.17%"
"06/06/2016","29.73","29.74","29.80","29.51","1.37M","0.44%"
"06/03/2016","29.60","29.82","29.82","29.21","1.53M","-0.87%"
"06/02/2016","29.86","29.57","29.87","29.55","1.24M","0.54%"
"06/01/2016","29.70","29.26","29.73","29.23","2.07M","1.57%"
"05/31/2016","29.24","29.23","29.39","29.00","2.22M","-0.07%"
"05/27/2016","29.26","28.98","29.27","28.98","2.36M","1.00%"
"05/26/2016","28.97","29.18","29.42","28.96","2.62M","-0.79%"
"05/25/2016","29.20","28.91","29.29","28.85","2.12M","1.25%"
"05/24/2016","28.84","28.65","28.90","28.56","2.05M","1.41%"
"05/23/2016","28.44","28.49","28.87","28.42","2.90M","-0.07%"
"05/20/2016","28.46","28.28","28.68","28.28","2.15M","0.74%"
"05/19/2016","28.25","28.44","28.49","28.03","1.75M","-0.81%"
"05/18/2016","28.48","28.73","28.84","28.29","2.55M","-1.21%"
"05/17/2016","28.83","29.00","29.27","28.71","2.26M","-1.03%"
"05/16/2016","29.13","29.18","29.31","28.90","1.74M","-0.38%"
"05/13/2016","29.24","29.25","29.53","29.13","1.76M","-0.37%"
"05/12/2016","29.35","29.61","29.77","29.23","2.57M","-0.81%"
"05/11/2016","29.59","29.80","29.80","29.40","2.68M","-1.43%"
"05/10/2016","30.02","29.60","30.06","29.46","2.98M","2.11%"
"05/09/2016","29.40","29.59","29.78","29.25","2.42M","-0.41%"
"05/06/2016","29.52","29.64","29.65","29.25","2.73M","-1.01%"
"05/05/2016","29.82","29.15","29.92","28.71","5.52M","0.81%"
"05/04/2016","29.58","29.64","29.94","29.54","4.07M","-0.37%"
"05/03/2016","29.69","29.96","30.09","29.65","3.42M","-1.82%"
"05/02/2016","30.24","30.12","30.31","29.87","2.95M","0.40%"
"04/29/2016","30.12","30.23","30.32","29.66","4.23M","-1.47%"
"04/28/2016","30.57","30.60","30.84","30.28","3.62M","-0.68%"
"04/27/2016","30.78","30.86","30.96","30.43","2.73M","-0.29%"
"04/26/2016","30.87","30.93","31.16","30.67","2.81M","-0.19%"
"04/25/2016","30.93","30.69","30.98","30.57","2.48M","0.59%"
"04/22/2016","30.75","30.06","30.75","30.03","2.58M","2.19%"
"04/21/2016","30.09","30.00","30.37","29.96","4.23M","0.40%"
"04/20/2016","29.97","30.09","30.19","29.81","2.68M","-0.23%"
"04/19/2016","30.04","30.17","30.47","29.96","4.41M","-0.13%"
"04/18/2016","30.08","29.85","30.24","29.83","6.21M","0.80%"
"04/15/2016","29.84","29.92","30.03","29.64","5.84M","0.17%"
"04/14/2016","29.79","29.97","30.02","29.65","4.37M","-0.30%"
"04/13/2016","29.88","29.56","30.01","29.56","4.21M","1.56%"
"04/12/2016","29.42","28.73","29.52","28.73","3.97M","2.58%"
"04/11/2016","28.68","28.97","29.10","28.67","1.96M","-0.35%"
"04/08/2016","28.78","29.05","29.29","28.71","2.38M","-0.14%"
"04/07/2016","28.82","29.14","29.25","28.65","2.05M","-1.84%"
"04/06/2016","29.36","28.83","29.39","28.83","1.97M","1.94%"
"04/05/2016","28.80","28.80","29.00","28.65","2.09M","-0.72%"
"04/04/2016","29.01","29.08","29.30","28.90","1.78M","-0.38%"
"04/01/2016","29.12","28.06","29.17","27.97","3.61M","3.26%"
"03/31/2016","28.20","28.23","28.39","28.08","2.84M","0.00%"
"03/30/2016","28.20","28.30","28.40","28.12","2.09M","0.11%"
"03/29/2016","28.17","27.90","28.25","27.74","2.77M","0.64%"
"03/28/2016","27.99","28.15","28.25","27.97","3.08M","-0.11%"
"03/24/2016","28.02","27.92","28.11","27.74","2.89M","0.11%"
"03/23/2016","27.99","28.02","28.08","27.82","2.74M","-0.04%"
"03/22/2016","28.00","27.93","28.14","27.78","1.31M","-0.14%"
"03/21/2016","28.04","28.21","28.33","27.98","1.94M","-0.53%"
"03/18/2016","28.19","28.21","28.35","27.91","8.08M","-0.07%"
"03/17/2016","28.21","28.03","28.63","28.03","5.26M","0.00%"
"03/16/2016","28.21","28.01","28.58","27.87","7.19M","0.36%"
"03/15/2016","28.11","27.92","28.14","27.90","1.98M","-0.11%"
"03/14/2016","28.14","28.14","28.26","27.94","2.96M","-0.18%"
"03/11/2016","28.19","28.30","28.42","28.06","3.44M","0.75%"
"03/10/2016","27.98","28.22","28.22","27.72","3.14M","-0.36%"
"03/09/2016","28.08","27.93","28.18","27.85","2.40M","0.90%"
"03/08/2016","27.83","27.94","28.12","27.67","3.66M","-1.07%"
"03/07/2016","28.13","27.62","28.28","27.62","2.04M","0.50%"
"03/04/2016","27.99","28.09","28.09","27.48","3.12M","-0.04%"
"03/03/2016","28.00","27.66","28.01","27.34","1.73M","1.16%"
"03/02/2016","27.68","27.91","28.08","27.52","2.09M","-1.25%"
"03/01/2016","28.03","27.43","28.06","27.31","3.03M","3.20%"
"02/29/2016","27.16","27.17","27.39","27.07","2.57M","-0.37%"
"02/27/2016","27.26","27.27","27.27","27.26","1.50M","0.22%"
"02/26/2016","27.20","27.52","27.56","27.20","1.89M","-0.66%"
"02/25/2016","27.38","27.47","27.57","26.91","1.79M","0.18%"
"02/24/2016","27.33","26.57","27.38","26.49","2.01M","1.15%"
"02/23/2016","27.02","26.72","27.42","26.64","2.93M","-1.06%"
"02/22/2016","27.31","27.00","27.62","26.94","4.61M","2.32%"
"02/19/2016","26.69","26.23","26.80","26.08","3.08M","1.02%"
"02/18/2016","26.42","26.34","26.52","25.99","3.23M","-0.19%"
"02/17/2016","26.47","25.80","26.65","25.75","4.47M","3.28%"
"02/16/2016","25.63","25.13","25.65","24.96","3.86M","3.89%"
"02/12/2016","24.67","25.08","25.08","24.27","2.54M","-0.16%"
"02/11/2016","24.71","24.01","24.89","23.95","4.74M","1.02%"
"02/10/2016","24.46","24.12","25.08","23.51","5.27M","1.03%"
"02/09/2016","24.21","23.21","24.52","22.65","10.08M","-1.34%"
"02/08/2016","24.54","24.72","24.79","24.09","5.99M","-2.00%"
"02/05/2016","25.04","26.10","26.23","25.00","4.78M","-4.54%"
"02/04/2016","26.23","26.55","26.99","26.15","3.78M","-1.02%"
"02/03/2016","26.50","26.18","26.61","25.84","6.54M","1.69%"
"02/02/2016","26.06","26.73","26.78","25.98","3.36M","-3.87%"
"02/01/2016","27.11","26.82","27.23","26.51","2.83M","0.04%"
"01/29/2016","27.10","26.40","27.16","26.40","3.36M","3.32%"
"01/28/2016","26.23","26.75","26.83","26.02","3.21M","-1.32%"
"01/27/2016","26.58","26.93","27.29","26.46","4.05M","-1.41%"
"01/26/2016","26.96","26.08","26.98","26.08","3.27M","3.69%"
"01/25/2016","26.00","26.24","26.31","25.97","3.93M","-1.55%"
"01/22/2016","26.41","26.05","26.47","26.02","3.40M","3.08%"
"01/21/2016","25.62","25.82","26.04","25.49","4.66M","-0.50%"
"01/20/2016","25.75","26.15","26.36","25.02","6.92M","-3.12%"
"01/19/2016","26.58","26.43","26.82","26.14","4.59M","1.57%"
"01/15/2016","26.17","26.17","26.55","25.88","4.99M","-2.24%"
"01/14/2016","26.77","25.98","27.14","25.90","10.38M","3.72%"
"01/13/2016","25.81","26.47","26.63","25.72","4.75M","-2.46%"
"01/12/2016","26.46","26.13","26.52","25.93","3.83M","1.77%"
"01/11/2016","26.00","26.09","26.17","25.71","3.30M","0.27%"
"01/08/2016","25.93","26.06","26.32","25.86","4.30M","0.04%"
"01/07/2016","25.92","26.11","26.50","25.87","4.49M","-2.19%"
"01/06/2016","26.50","26.31","26.80","26.15","15.83M","-0.38%"
"01/05/2016","26.60","26.56","26.75","26.44","4.25M","-0.04%"
"01/04/2016","26.61","26.59","26.82","26.36","5.85M","-2.28%"
"12/31/2015","27.23","27.25","27.47","27.07","3.24M","-0.44%"
"12/30/2015","27.35","27.50","27.69","27.23","4.51M","-0.91%"
"12/29/2015","27.60","27.59","27.92","27.54","3.13M","0.55%"
"12/28/2015","27.45","27.47","27.67","27.31","3.23M","-0.33%"
"12/24/2015","27.54","27.60","27.77","27.46","2.38M","-0.22%"
"12/23/2015","27.60","27.72","27.84","27.47","3.28M","0.00%"
"12/22/2015","27.60","28.10","28.10","27.55","5.11M","0.04%"
"12/21/2015","27.59","27.95","28.15","27.45","4.31M","-0.86%"
"12/18/2015","27.83","28.05","28.23","27.63","6.77M","-1.42%"
"12/17/2015","28.23","28.52","28.67","28.16","4.69M","-0.95%"
"12/16/2015","28.50","28.37","28.56","28.00","5.04M","1.42%"
"12/15/2015","28.10","28.23","28.68","28.08","3.51M","0.36%"
"12/14/2015","28.00","28.28","28.50","27.82","4.89M","-0.57%"
"12/11/2015","28.16","28.55","28.76","28.12","4.29M","-3.06%"
"12/10/2015","29.05","28.98","29.29","28.84","4.19M","0.28%"
"12/09/2015","28.97","29.44","29.44","28.68","4.27M","-1.80%"
"12/08/2015","29.50","29.83","29.96","29.35","2.66M","-1.76%"
"12/07/2015","30.03","29.94","30.09","29.71","3.79M","0.10%"
"12/04/2015","30.00","29.89","30.17","29.61","6.17M","0.98%"
"12/03/2015","29.71","29.88","30.08","29.41","4.65M","-0.80%"
"12/02/2015","29.95","30.28","30.28","29.85","4.08M","-1.02%"
"12/01/2015","30.26","29.93","30.28","29.93","3.49M","1.04%"
"11/30/2015","29.95","29.91","30.12","29.68","5.33M","0.17%"
"11/27/2015","29.90","30.21","30.24","29.68","2.08M","-1.39%"
"11/25/2015","30.32","30.23","30.39","30.05","2.14M","0.23%"
"11/24/2015","30.25","30.28","30.28","29.94","3.65M","-0.43%"
"11/23/2015","30.38","30.54","30.64","30.25","3.11M","-0.52%"
"11/20/2015","30.54","30.54","30.59","30.21","4.35M","0.73%"
"11/19/2015","30.32","30.67","30.67","30.17","3.06M","-1.01%"
"11/18/2015","30.63","30.42","30.67","30.06","4.26M","0.66%"
"11/17/2015","30.43","30.61","30.62","30.21","4.62M","-0.59%"
"11/16/2015","30.61","30.09","30.66","30.03","3.94M","1.97%"
"11/13/2015","30.02","30.19","30.38","29.85","3.81M","-1.12%"
"11/12/2015","30.36","30.24","30.58","30.09","3.35M","0.07%"
"11/11/2015","30.34","30.45","30.51","30.04","3.62M","0.03%"
"11/10/2015","30.33","29.72","30.34","29.59","3.12M","2.12%"
"11/09/2015","29.70","30.00","30.02","29.40","5.84M","-1.26%"
"11/06/2015","30.08","29.88","30.14","29.74","2.68M","0.67%"
"11/05/2015","29.88","29.81","29.94","29.48","4.86M","-0.07%"
"11/04/2015","29.90","31.27","31.35","28.46","10.57M","-5.08%"
"11/03/2015","31.50","31.11","31.58","31.11","3.48M","1.25%"
"11/02/2015","31.11","31.09","31.20","30.81","3.68M","0.74%"
"10/30/2015","30.88","30.70","30.95","30.46","4.64M","0.75%"
"10/29/2015","30.65","30.29","30.90","30.29","4.14M","0.79%"
"10/28/2015","30.41","30.16","30.48","29.96","5.00M","0.43%"
"10/27/2015","30.28","30.45","30.53","30.03","2.85M","-0.98%"
"10/26/2015","30.58","30.41","30.59","30.16","3.59M","0.53%"
"10/23/2015","30.42","30.34","30.56","30.08","4.26M","1.10%"
"10/22/2015","30.09","29.65","30.16","29.65","4.79M","1.86%"
"10/21/2015","29.54","29.85","30.04","29.50","2.64M","-0.97%"
"10/20/2015","29.83","29.57","29.92","29.57","2.72M","0.54%"
"10/19/2015","29.67","29.63","29.67","29.40","4.58M","0.03%"
"10/16/2015","29.66","29.61","29.68","29.16","2.45M","0.75%"
"10/15/2015","29.44","28.84","29.46","28.65","2.81M","2.47%"
"10/14/2015","28.73","28.90","29.03","28.69","2.37M","-0.79%"
"10/13/2015","28.96","28.84","29.15","28.61","2.67M","0.42%"
"10/12/2015","28.84","28.89","28.92","28.63","2.02M","-0.21%"
"10/09/2015","28.90","28.93","29.21","28.59","3.28M","0.00%"
"10/08/2015","28.90","28.47","28.94","28.24","3.81M","1.37%"
"10/07/2015","28.51","28.54","28.77","28.24","5.80M","0.21%"
"10/06/2015","28.45","28.57","28.75","28.42","4.85M","-0.87%"
"10/05/2015","28.70","28.52","28.86","28.42","4.20M","1.41%"
"10/02/2015","28.30","27.23","28.31","26.84","6.87M","2.98%"
"10/01/2015","27.48","27.18","27.50","27.02","5.56M","1.51%"
"09/30/2015","27.07","26.01","27.18","25.98","7.17M","4.60%"
"09/29/2015","25.88","25.51","26.02","25.41","7.18M","1.85%"
"09/28/2015","25.41","25.99","26.04","25.37","4.74M","-2.19%"
"09/25/2015","25.98","26.46","26.46","25.82","5.93M","-0.92%"
"09/24/2015","26.22","26.25","26.43","26.03","4.80M","-1.13%"
"09/23/2015","26.52","26.53","26.69","26.42","3.97M","-0.23%"
"09/22/2015","26.58","26.33","26.61","26.11","5.71M","-0.08%"
"09/21/2015","26.60","26.63","26.84","26.48","16.91M","0.64%"
"09/18/2015","26.43","26.84","27.13","26.43","67.24M","-2.29%"